"ITTER107","Territory","VARICT","Data type","ATECO_2007","NACE 2007","CLLVT","Size classes of persons employed","TIME","Select time","Value","Flag Codes","Flags"
"IT","Italy","E_CC_PEM_PERC","e-mail","C","manufacturing","W10_49","10-49","2020","2020",54.75,,
"IT","Italy","E_CC_PEM_PERC","e-mail","C","manufacturing","W_GE10","10 and over","2020","2020",56.06,,
"IT","Italy","E_CC_PEM_PERC","e-mail","C","manufacturing","W50_99","50-99","2020","2020",59.67,,
"IT","Italy","E_CC_PEM_PERC","e-mail","C","manufacturing","W100_249","100-249","2020","2020",63.97,,
"IT","Italy","E_CC_PEM_PERC","e-mail","C","manufacturing","W_GE250","250 and over","2020","2020",80.73,,
"IT","Italy","E_CC_PEM_PERC","e-mail","F","construction","W10_49","10-49","2020","2020",55.54,,
"IT","Italy","E_CC_PEM_PERC","e-mail","F","construction","W_GE10","10 and over","2020","2020",56.04,,
"IT","Italy","E_CC_PEM_PERC","e-mail","F","construction","W50_99","50-99","2020","2020",60.91,,
"IT","Italy","E_CC_PEM_PERC","e-mail","F","construction","W100_249","100-249","2020","2020",64.58,,
"IT","Italy","E_CC_PEM_PERC","e-mail","F","construction","W_GE250","250 and over","2020","2020",83.9,,
"IT","Italy","E_CC_PEM_PERC","e-mail","G","wholesale and retail trade repair of motor vehicles and motorcycles","W_GE10","10 and over","2020","2020",58.87,,
"IT","Italy","E_CC_PEM_PERC","e-mail","CA","manufacture of food products, beverages and tobacco products","W_GE10","10 and over","2020","2020",58.63,,
"IT","Italy","E_CC_PEM_PERC","e-mail","CB","manufacture of textiles, apparel, leather and related products","W_GE10","10 and over","2020","2020",50.66,,
"IT","Italy","E_CC_PEM_PERC","e-mail","CC","manufacture of wood and paper products, and printing","W_GE10","10 and over","2020","2020",57.48,,
"IT","Italy","E_CC_PEM_PERC","e-mail","CH","manufacture of basic metals and fabricated metal products, except machinery and equipment","W_GE10","10 and over","2020","2020",57.04,,
"IT","Italy","E_CC_PEM_PERC","e-mail","CL","manufacture of transport equipment","W_GE10","10 and over","2020","2020",56.07,,
"IT","Italy","E_CC_PEM_PERC","e-mail","CM","other manufacturing, and repair and installation of machinery and equipment","W_GE10","10 and over","2020","2020",56.09,,
"IT","Italy","E_CC_PEM_PERC","e-mail","JC","it and other information services","W_GE10","10 and over","2020","2020",82.56,,
"IT","Italy","E_CC_PEM_PERC","e-mail","26","manufacture of computer, electronic and optical products","W_GE10","10 and over","2020","2020",65.21,,
"IT","Italy","E_CC_PEM_PERC","e-mail","53","postal and courier activities","W_GE10","10 and over","2020","2020",59.33,,
"IT","Italy","E_CC_PEM_PERC","e-mail","55","accommodation ","W_GE10","10 and over","2020","2020",60.29,,
"IT","Italy","E_CC_PEM_PERC","e-mail","56","food service activities","W_GE10","10 and over","2020","2020",49.55,,
"IT","Italy","E_CC_PEM_PERC","e-mail","58","publishing activities","W_GE10","10 and over","2020","2020",84.09,,
"IT","Italy","E_CC_PEM_PERC","e-mail","61","telecommunications","W_GE10","10 and over","2020","2020",70.42,,
"IT","Italy","E_CC_PEM_PERC","e-mail","68","real estate activities","W_GE10","10 and over","2020","2020",59.55,,
"IT","Italy","E_CC_PEM_PERC","e-mail","79","travel agency, tour operator and other reservation service and related activities","W_GE10","10 and over","2020","2020",61.38,,
"IT","Italy","E_CC_PEM_PERC","e-mail","CD-CG","manufacture of coke and refined petroleum products, of chemicals and chemical products, of basic pharmaceutical products and preparations, of rubber, plastic and of other non-metallic mineral products","W_GE10","10 and over","2020","2020",51.74,,
"IT","Italy","E_CC_PEM_PERC","e-mail","CJ-CK","manufacture of electrical equipment and of machinery and equipment n.e.c. ","W_GE10","10 and over","2020","2020",59.44,,
"IT","Italy","E_CC_PEM_PERC","e-mail","JA_X_58","motion picture, video and television programme production, sound recording","W_GE10","10 and over","2020","2020",73.75,,
"IT","Italy","E_CC_PEM_PERC","e-mail","0031","professional, scientific and technical activities except veterinary activities","W_GE10","10 and over","2020","2020",71.62,,
"IT","Italy","E_CC_PEM_PERC","e-mail","0032","administrative and support service activities except travel agency, tour operator and other reservation service and related activities (N escluso 79)","W_GE10","10 and over","2020","2020",52.19,,
"IT","Italy","E_CC_PEM_PERC","e-mail","0033","ict sector","W_GE10","10 and over","2020","2020",79.06,,
"IT","Italy","E_CC_PEM_PERC","e-mail","0034","total non financial services (g-n, including 951 and excluding 75 and  k)","W10_49","10-49","2020","2020",55.7,,
"IT","Italy","E_CC_PEM_PERC","e-mail","0034","total non financial services (g-n, including 951 and excluding 75 and  k)","W_GE10","10 and over","2020","2020",56.73,,
"IT","Italy","E_CC_PEM_PERC","e-mail","0034","total non financial services (g-n, including 951 and excluding 75 and  k)","W50_99","50-99","2020","2020",62.11,,
"IT","Italy","E_CC_PEM_PERC","e-mail","0034","total non financial services (g-n, including 951 and excluding 75 and  k)","W100_249","100-249","2020","2020",69.17,,
"IT","Italy","E_CC_PEM_PERC","e-mail","0034","total non financial services (g-n, including 951 and excluding 75 and  k)","W_GE250","250 and over","2020","2020",69.01,,
"IT","Italy","E_CC_PEM_PERC","e-mail","0035","total economic activities  (c-n, including 951, excluding 75 and k)","W10_49","10-49","2020","2020",55.4,,
"IT","Italy","E_CC_PEM_PERC","e-mail","0035","total economic activities  (c-n, including 951, excluding 75 and k)","W_GE10","10 and over","2020","2020",56.52,,
"IT","Italy","E_CC_PEM_PERC","e-mail","0035","total economic activities  (c-n, including 951, excluding 75 and k)","W50_99","50-99","2020","2020",61.19,,
"IT","Italy","E_CC_PEM_PERC","e-mail","0035","total economic activities  (c-n, including 951, excluding 75 and k)","W100_249","100-249","2020","2020",67.16,,
"IT","Italy","E_CC_PEM_PERC","e-mail","0035","total economic activities  (c-n, including 951, excluding 75 and k)","W_GE250","250 and over","2020","2020",74.47,,
"IT","Italy","E_CC_PEM_PERC","e-mail","0036","electricity, gas steam, air conditioning supply, water supply, sewerage, waste management and remediation activities (d-e)","W10_49","10-49","2020","2020",57.98,,
"IT","Italy","E_CC_PEM_PERC","e-mail","0036","electricity, gas steam, air conditioning supply, water supply, sewerage, waste management and remediation activities (d-e)","W_GE10","10 and over","2020","2020",62.55,,
"IT","Italy","E_CC_PEM_PERC","e-mail","0036","electricity, gas steam, air conditioning supply, water supply, sewerage, waste management and remediation activities (d-e)","W50_99","50-99","2020","2020",70.37,,
"IT","Italy","E_CC_PEM_PERC","e-mail","0036","electricity, gas steam, air conditioning supply, water supply, sewerage, waste management and remediation activities (d-e)","W100_249","100-249","2020","2020",80.69,,
"IT","Italy","E_CC_PEM_PERC","e-mail","0036","electricity, gas steam, air conditioning supply, water supply, sewerage, waste management and remediation activities (d-e)","W_GE250","250 and over","2020","2020",81.54,,
"IT","Italy","E_CC_PEM_PERC","e-mail","0049","transport and storage, except warehousing and support activities for transportation (h except 53)","W_GE10","10 and over","2020","2020",41.28,,
"IT","Italy","E_CC_PSOFT_PERC","office software (e.g. word processors, spreadsheets, etc.)","C","manufacturing","W10_49","10-49","2020","2020",33.35,,
"IT","Italy","E_CC_PSOFT_PERC","office software (e.g. word processors, spreadsheets, etc.)","C","manufacturing","W_GE10","10 and over","2020","2020",34.21,,
"IT","Italy","E_CC_PSOFT_PERC","office software (e.g. word processors, spreadsheets, etc.)","C","manufacturing","W50_99","50-99","2020","2020",34.92,,
"IT","Italy","E_CC_PSOFT_PERC","office software (e.g. word processors, spreadsheets, etc.)","C","manufacturing","W100_249","100-249","2020","2020",39.46,,
"IT","Italy","E_CC_PSOFT_PERC","office software (e.g. word processors, spreadsheets, etc.)","C","manufacturing","W_GE250","250 and over","2020","2020",57.51,,
"IT","Italy","E_CC_PSOFT_PERC","office software (e.g. word processors, spreadsheets, etc.)","F","construction","W10_49","10-49","2020","2020",38.51,,
"IT","Italy","E_CC_PSOFT_PERC","office software (e.g. word processors, spreadsheets, etc.)","F","construction","W_GE10","10 and over","2020","2020",38.8,,
"IT","Italy","E_CC_PSOFT_PERC","office software (e.g. word processors, spreadsheets, etc.)","F","construction","W50_99","50-99","2020","2020",39.49,,
"IT","Italy","E_CC_PSOFT_PERC","office software (e.g. word processors, spreadsheets, etc.)","F","construction","W100_249","100-249","2020","2020",46.52,,
"IT","Italy","E_CC_PSOFT_PERC","office software (e.g. word processors, spreadsheets, etc.)","F","construction","W_GE250","250 and over","2020","2020",66.98,,
"IT","Italy","E_CC_PSOFT_PERC","office software (e.g. word processors, spreadsheets, etc.)","G","wholesale and retail trade repair of motor vehicles and motorcycles","W_GE10","10 and over","2020","2020",37.86,,
"IT","Italy","E_CC_PSOFT_PERC","office software (e.g. word processors, spreadsheets, etc.)","CA","manufacture of food products, beverages and tobacco products","W_GE10","10 and over","2020","2020",35.59,,
"IT","Italy","E_CC_PSOFT_PERC","office software (e.g. word processors, spreadsheets, etc.)","CB","manufacture of textiles, apparel, leather and related products","W_GE10","10 and over","2020","2020",28.87,,
"IT","Italy","E_CC_PSOFT_PERC","office software (e.g. word processors, spreadsheets, etc.)","CC","manufacture of wood and paper products, and printing","W_GE10","10 and over","2020","2020",38.22,,
"IT","Italy","E_CC_PSOFT_PERC","office software (e.g. word processors, spreadsheets, etc.)","CH","manufacture of basic metals and fabricated metal products, except machinery and equipment","W_GE10","10 and over","2020","2020",33.35,,
"IT","Italy","E_CC_PSOFT_PERC","office software (e.g. word processors, spreadsheets, etc.)","CL","manufacture of transport equipment","W_GE10","10 and over","2020","2020",34.95,,
"IT","Italy","E_CC_PSOFT_PERC","office software (e.g. word processors, spreadsheets, etc.)","CM","other manufacturing, and repair and installation of machinery and equipment","W_GE10","10 and over","2020","2020",36.79,,
"IT","Italy","E_CC_PSOFT_PERC","office software (e.g. word processors, spreadsheets, etc.)","JC","it and other information services","W_GE10","10 and over","2020","2020",61.6,,
"IT","Italy","E_CC_PSOFT_PERC","office software (e.g. word processors, spreadsheets, etc.)","26","manufacture of computer, electronic and optical products","W_GE10","10 and over","2020","2020",39.61,,
"IT","Italy","E_CC_PSOFT_PERC","office software (e.g. word processors, spreadsheets, etc.)","53","postal and courier activities","W_GE10","10 and over","2020","2020",43.38,,
"IT","Italy","E_CC_PSOFT_PERC","office software (e.g. word processors, spreadsheets, etc.)","55","accommodation ","W_GE10","10 and over","2020","2020",43.96,,
"IT","Italy","E_CC_PSOFT_PERC","office software (e.g. word processors, spreadsheets, etc.)","56","food service activities","W_GE10","10 and over","2020","2020",27.37,,
"IT","Italy","E_CC_PSOFT_PERC","office software (e.g. word processors, spreadsheets, etc.)","58","publishing activities","W_GE10","10 and over","2020","2020",70.11,,
"IT","Italy","E_CC_PSOFT_PERC","office software (e.g. word processors, spreadsheets, etc.)","61","telecommunications","W_GE10","10 and over","2020","2020",49.85,,
"IT","Italy","E_CC_PSOFT_PERC","office software (e.g. word processors, spreadsheets, etc.)","68","real estate activities","W_GE10","10 and over","2020","2020",40.53,,
"IT","Italy","E_CC_PSOFT_PERC","office software (e.g. word processors, spreadsheets, etc.)","79","travel agency, tour operator and other reservation service and related activities","W_GE10","10 and over","2020","2020",48.13,,
"IT","Italy","E_CC_PSOFT_PERC","office software (e.g. word processors, spreadsheets, etc.)","CD-CG","manufacture of coke and refined petroleum products, of chemicals and chemical products, of basic pharmaceutical products and preparations, of rubber, plastic and of other non-metallic mineral products","W_GE10","10 and over","2020","2020",33.59,,
"IT","Italy","E_CC_PSOFT_PERC","office software (e.g. word processors, spreadsheets, etc.)","CJ-CK","manufacture of electrical equipment and of machinery and equipment n.e.c. ","W_GE10","10 and over","2020","2020",35.4,,
"IT","Italy","E_CC_PSOFT_PERC","office software (e.g. word processors, spreadsheets, etc.)","JA_X_58","motion picture, video and television programme production, sound recording","W_GE10","10 and over","2020","2020",52.12,,
"IT","Italy","E_CC_PSOFT_PERC","office software (e.g. word processors, spreadsheets, etc.)","0031","professional, scientific and technical activities except veterinary activities","W_GE10","10 and over","2020","2020",56.57,,
"IT","Italy","E_CC_PSOFT_PERC","office software (e.g. word processors, spreadsheets, etc.)","0032","administrative and support service activities except travel agency, tour operator and other reservation service and related activities (N escluso 79)","W_GE10","10 and over","2020","2020",42.64,,
"IT","Italy","E_CC_PSOFT_PERC","office software (e.g. word processors, spreadsheets, etc.)","0033","ict sector","W_GE10","10 and over","2020","2020",57.18,,
"IT","Italy","E_CC_PSOFT_PERC","office software (e.g. word processors, spreadsheets, etc.)","0034","total non financial services (g-n, including 951 and excluding 75 and  k)","W10_49","10-49","2020","2020",37.18,,
"IT","Italy","E_CC_PSOFT_PERC","office software (e.g. word processors, spreadsheets, etc.)","0034","total non financial services (g-n, including 951 and excluding 75 and  k)","W_GE10","10 and over","2020","2020",38.41,,
"IT","Italy","E_CC_PSOFT_PERC","office software (e.g. word processors, spreadsheets, etc.)","0034","total non financial services (g-n, including 951 and excluding 75 and  k)","W50_99","50-99","2020","2020",47.34,,
"IT","Italy","E_CC_PSOFT_PERC","office software (e.g. word processors, spreadsheets, etc.)","0034","total non financial services (g-n, including 951 and excluding 75 and  k)","W100_249","100-249","2020","2020",49.9,,
"IT","Italy","E_CC_PSOFT_PERC","office software (e.g. word processors, spreadsheets, etc.)","0034","total non financial services (g-n, including 951 and excluding 75 and  k)","W_GE250","250 and over","2020","2020",50.7,,
"IT","Italy","E_CC_PSOFT_PERC","office software (e.g. word processors, spreadsheets, etc.)","0035","total economic activities  (c-n, including 951, excluding 75 and k)","W10_49","10-49","2020","2020",36.07,,
"IT","Italy","E_CC_PSOFT_PERC","office software (e.g. word processors, spreadsheets, etc.)","0035","total economic activities  (c-n, including 951, excluding 75 and k)","W_GE10","10 and over","2020","2020",37.07,,
"IT","Italy","E_CC_PSOFT_PERC","office software (e.g. word processors, spreadsheets, etc.)","0035","total economic activities  (c-n, including 951, excluding 75 and k)","W50_99","50-99","2020","2020",41.65,,
"IT","Italy","E_CC_PSOFT_PERC","office software (e.g. word processors, spreadsheets, etc.)","0035","total economic activities  (c-n, including 951, excluding 75 and k)","W100_249","100-249","2020","2020",45.3,,
"IT","Italy","E_CC_PSOFT_PERC","office software (e.g. word processors, spreadsheets, etc.)","0035","total economic activities  (c-n, including 951, excluding 75 and k)","W_GE250","250 and over","2020","2020",53.87,,
"IT","Italy","E_CC_PSOFT_PERC","office software (e.g. word processors, spreadsheets, etc.)","0036","electricity, gas steam, air conditioning supply, water supply, sewerage, waste management and remediation activities (d-e)","W10_49","10-49","2020","2020",39.23,,
"IT","Italy","E_CC_PSOFT_PERC","office software (e.g. word processors, spreadsheets, etc.)","0036","electricity, gas steam, air conditioning supply, water supply, sewerage, waste management and remediation activities (d-e)","W_GE10","10 and over","2020","2020",42.4,,
"IT","Italy","E_CC_PSOFT_PERC","office software (e.g. word processors, spreadsheets, etc.)","0036","electricity, gas steam, air conditioning supply, water supply, sewerage, waste management and remediation activities (d-e)","W50_99","50-99","2020","2020",52.03,,
"IT","Italy","E_CC_PSOFT_PERC","office software (e.g. word processors, spreadsheets, etc.)","0036","electricity, gas steam, air conditioning supply, water supply, sewerage, waste management and remediation activities (d-e)","W100_249","100-249","2020","2020",50.69,,
"IT","Italy","E_CC_PSOFT_PERC","office software (e.g. word processors, spreadsheets, etc.)","0036","electricity, gas steam, air conditioning supply, water supply, sewerage, waste management and remediation activities (d-e)","W_GE250","250 and over","2020","2020",54.18,,
"IT","Italy","E_CC_PSOFT_PERC","office software (e.g. word processors, spreadsheets, etc.)","0049","transport and storage, except warehousing and support activities for transportation (h except 53)","W_GE10","10 and over","2020","2020",26.98,,
"IT","Italy","E_CC_PFIL_PERC","storage of files","C","manufacturing","W10_49","10-49","2020","2020",32.6,,
"IT","Italy","E_CC_PFIL_PERC","storage of files","C","manufacturing","W_GE10","10 and over","2020","2020",33.85,,
"IT","Italy","E_CC_PFIL_PERC","storage of files","C","manufacturing","W50_99","50-99","2020","2020",36.24,,
"IT","Italy","E_CC_PFIL_PERC","storage of files","C","manufacturing","W100_249","100-249","2020","2020",42.34,,
"IT","Italy","E_CC_PFIL_PERC","storage of files","C","manufacturing","W_GE250","250 and over","2020","2020",59.87,,
"IT","Italy","E_CC_PFIL_PERC","storage of files","F","construction","W10_49","10-49","2020","2020",31.09,,
"IT","Italy","E_CC_PFIL_PERC","storage of files","F","construction","W_GE10","10 and over","2020","2020",31.9,,
"IT","Italy","E_CC_PFIL_PERC","storage of files","F","construction","W50_99","50-99","2020","2020",41.38,,
"IT","Italy","E_CC_PFIL_PERC","storage of files","F","construction","W100_249","100-249","2020","2020",49.78,,
"IT","Italy","E_CC_PFIL_PERC","storage of files","F","construction","W_GE250","250 and over","2020","2020",49.74,,
"IT","Italy","E_CC_PFIL_PERC","storage of files","G","wholesale and retail trade repair of motor vehicles and motorcycles","W_GE10","10 and over","2020","2020",36,,
"IT","Italy","E_CC_PFIL_PERC","storage of files","CA","manufacture of food products, beverages and tobacco products","W_GE10","10 and over","2020","2020",37.11,,
"IT","Italy","E_CC_PFIL_PERC","storage of files","CB","manufacture of textiles, apparel, leather and related products","W_GE10","10 and over","2020","2020",25.95,,
"IT","Italy","E_CC_PFIL_PERC","storage of files","CC","manufacture of wood and paper products, and printing","W_GE10","10 and over","2020","2020",39.66,,
"IT","Italy","E_CC_PFIL_PERC","storage of files","CH","manufacture of basic metals and fabricated metal products, except machinery and equipment","W_GE10","10 and over","2020","2020",30.32,,
"IT","Italy","E_CC_PFIL_PERC","storage of files","CL","manufacture of transport equipment","W_GE10","10 and over","2020","2020",30.27,,
"IT","Italy","E_CC_PFIL_PERC","storage of files","CM","other manufacturing, and repair and installation of machinery and equipment","W_GE10","10 and over","2020","2020",37.66,,
"IT","Italy","E_CC_PFIL_PERC","storage of files","JC","it and other information services","W_GE10","10 and over","2020","2020",57.02,,
"IT","Italy","E_CC_PFIL_PERC","storage of files","26","manufacture of computer, electronic and optical products","W_GE10","10 and over","2020","2020",47.86,,
"IT","Italy","E_CC_PFIL_PERC","storage of files","53","postal and courier activities","W_GE10","10 and over","2020","2020",54.82,,
"IT","Italy","E_CC_PFIL_PERC","storage of files","55","accommodation ","W_GE10","10 and over","2020","2020",37.51,,
"IT","Italy","E_CC_PFIL_PERC","storage of files","56","food service activities","W_GE10","10 and over","2020","2020",16.91,,
"IT","Italy","E_CC_PFIL_PERC","storage of files","58","publishing activities","W_GE10","10 and over","2020","2020",59.03,,
"IT","Italy","E_CC_PFIL_PERC","storage of files","61","telecommunications","W_GE10","10 and over","2020","2020",48.56,,
"IT","Italy","E_CC_PFIL_PERC","storage of files","68","real estate activities","W_GE10","10 and over","2020","2020",34.26,,
"IT","Italy","E_CC_PFIL_PERC","storage of files","79","travel agency, tour operator and other reservation service and related activities","W_GE10","10 and over","2020","2020",49.38,,
"IT","Italy","E_CC_PFIL_PERC","storage of files","CD-CG","manufacture of coke and refined petroleum products, of chemicals and chemical products, of basic pharmaceutical products and preparations, of rubber, plastic and of other non-metallic mineral products","W_GE10","10 and over","2020","2020",37.06,,
"IT","Italy","E_CC_PFIL_PERC","storage of files","CJ-CK","manufacture of electrical equipment and of machinery and equipment n.e.c. ","W_GE10","10 and over","2020","2020",34.74,,
"IT","Italy","E_CC_PFIL_PERC","storage of files","JA_X_58","motion picture, video and television programme production, sound recording","W_GE10","10 and over","2020","2020",48.83,,
"IT","Italy","E_CC_PFIL_PERC","storage of files","0031","professional, scientific and technical activities except veterinary activities","W_GE10","10 and over","2020","2020",47.39,,
"IT","Italy","E_CC_PFIL_PERC","storage of files","0032","administrative and support service activities except travel agency, tour operator and other reservation service and related activities (N escluso 79)","W_GE10","10 and over","2020","2020",25.56,,
"IT","Italy","E_CC_PFIL_PERC","storage of files","0033","ict sector","W_GE10","10 and over","2020","2020",54.6,,
"IT","Italy","E_CC_PFIL_PERC","storage of files","0034","total non financial services (g-n, including 951 and excluding 75 and  k)","W10_49","10-49","2020","2020",29.74,,
"IT","Italy","E_CC_PFIL_PERC","storage of files","0034","total non financial services (g-n, including 951 and excluding 75 and  k)","W_GE10","10 and over","2020","2020",31.35,,
"IT","Italy","E_CC_PFIL_PERC","storage of files","0034","total non financial services (g-n, including 951 and excluding 75 and  k)","W50_99","50-99","2020","2020",41.56,,
"IT","Italy","E_CC_PFIL_PERC","storage of files","0034","total non financial services (g-n, including 951 and excluding 75 and  k)","W100_249","100-249","2020","2020",46.31,,
"IT","Italy","E_CC_PFIL_PERC","storage of files","0034","total non financial services (g-n, including 951 and excluding 75 and  k)","W_GE250","250 and over","2020","2020",52.82,,
"IT","Italy","E_CC_PFIL_PERC","storage of files","0035","total economic activities  (c-n, including 951, excluding 75 and k)","W10_49","10-49","2020","2020",30.86,,
"IT","Italy","E_CC_PFIL_PERC","storage of files","0035","total economic activities  (c-n, including 951, excluding 75 and k)","W_GE10","10 and over","2020","2020",32.33,,
"IT","Italy","E_CC_PFIL_PERC","storage of files","0035","total economic activities  (c-n, including 951, excluding 75 and k)","W50_99","50-99","2020","2020",39.35,,
"IT","Italy","E_CC_PFIL_PERC","storage of files","0035","total economic activities  (c-n, including 951, excluding 75 and k)","W100_249","100-249","2020","2020",44.83,,
"IT","Italy","E_CC_PFIL_PERC","storage of files","0035","total economic activities  (c-n, including 951, excluding 75 and k)","W_GE250","250 and over","2020","2020",55.81,,
"IT","Italy","E_CC_PFIL_PERC","storage of files","0036","electricity, gas steam, air conditioning supply, water supply, sewerage, waste management and remediation activities (d-e)","W10_49","10-49","2020","2020",32.32,,
"IT","Italy","E_CC_PFIL_PERC","storage of files","0036","electricity, gas steam, air conditioning supply, water supply, sewerage, waste management and remediation activities (d-e)","W_GE10","10 and over","2020","2020",36.57,,
"IT","Italy","E_CC_PFIL_PERC","storage of files","0036","electricity, gas steam, air conditioning supply, water supply, sewerage, waste management and remediation activities (d-e)","W50_99","50-99","2020","2020",44.48,,
"IT","Italy","E_CC_PFIL_PERC","storage of files","0036","electricity, gas steam, air conditioning supply, water supply, sewerage, waste management and remediation activities (d-e)","W100_249","100-249","2020","2020",48.58,,
"IT","Italy","E_CC_PFIL_PERC","storage of files","0036","electricity, gas steam, air conditioning supply, water supply, sewerage, waste management and remediation activities (d-e)","W_GE250","250 and over","2020","2020",60.46,,
"IT","Italy","E_CC_PFIL_PERC","storage of files","0049","transport and storage, except warehousing and support activities for transportation (h except 53)","W_GE10","10 and over","2020","2020",17.63,,
"IT","Italy","E_CC_PDB_PERC","hosting for the enterprise's database","C","manufacturing","W10_49","10-49","2020","2020",17.3,,
"IT","Italy","E_CC_PDB_PERC","hosting for the enterprise's database","C","manufacturing","W_GE10","10 and over","2020","2020",18.81,,
"IT","Italy","E_CC_PDB_PERC","hosting for the enterprise's database","C","manufacturing","W50_99","50-99","2020","2020",23.41,,
"IT","Italy","E_CC_PDB_PERC","hosting for the enterprise's database","C","manufacturing","W100_249","100-249","2020","2020",28.59,,
"IT","Italy","E_CC_PDB_PERC","hosting for the enterprise's database","C","manufacturing","W_GE250","250 and over","2020","2020",43.89,,
"IT","Italy","E_CC_PDB_PERC","hosting for the enterprise's database","F","construction","W10_49","10-49","2020","2020",17.35,,
"IT","Italy","E_CC_PDB_PERC","hosting for the enterprise's database","F","construction","W_GE10","10 and over","2020","2020",18.41,,
"IT","Italy","E_CC_PDB_PERC","hosting for the enterprise's database","F","construction","W50_99","50-99","2020","2020",32.18,,
"IT","Italy","E_CC_PDB_PERC","hosting for the enterprise's database","F","construction","W100_249","100-249","2020","2020",36.08,,
"IT","Italy","E_CC_PDB_PERC","hosting for the enterprise's database","F","construction","W_GE250","250 and over","2020","2020",46.34,,
"IT","Italy","E_CC_PDB_PERC","hosting for the enterprise's database","G","wholesale and retail trade repair of motor vehicles and motorcycles","W_GE10","10 and over","2020","2020",26.3,,
"IT","Italy","E_CC_PDB_PERC","hosting for the enterprise's database","CA","manufacture of food products, beverages and tobacco products","W_GE10","10 and over","2020","2020",19.81,,
"IT","Italy","E_CC_PDB_PERC","hosting for the enterprise's database","CB","manufacture of textiles, apparel, leather and related products","W_GE10","10 and over","2020","2020",13.73,,
"IT","Italy","E_CC_PDB_PERC","hosting for the enterprise's database","CC","manufacture of wood and paper products, and printing","W_GE10","10 and over","2020","2020",22.72,,
"IT","Italy","E_CC_PDB_PERC","hosting for the enterprise's database","CH","manufacture of basic metals and fabricated metal products, except machinery and equipment","W_GE10","10 and over","2020","2020",19.04,,
"IT","Italy","E_CC_PDB_PERC","hosting for the enterprise's database","CL","manufacture of transport equipment","W_GE10","10 and over","2020","2020",15.54,,
"IT","Italy","E_CC_PDB_PERC","hosting for the enterprise's database","CM","other manufacturing, and repair and installation of machinery and equipment","W_GE10","10 and over","2020","2020",17.39,,
"IT","Italy","E_CC_PDB_PERC","hosting for the enterprise's database","JC","it and other information services","W_GE10","10 and over","2020","2020",50.26,,
"IT","Italy","E_CC_PDB_PERC","hosting for the enterprise's database","26","manufacture of computer, electronic and optical products","W_GE10","10 and over","2020","2020",37.19,,
"IT","Italy","E_CC_PDB_PERC","hosting for the enterprise's database","53","postal and courier activities","W_GE10","10 and over","2020","2020",30.35,,
"IT","Italy","E_CC_PDB_PERC","hosting for the enterprise's database","55","accommodation ","W_GE10","10 and over","2020","2020",31.88,,
"IT","Italy","E_CC_PDB_PERC","hosting for the enterprise's database","56","food service activities","W_GE10","10 and over","2020","2020",10.91,,
"IT","Italy","E_CC_PDB_PERC","hosting for the enterprise's database","58","publishing activities","W_GE10","10 and over","2020","2020",61.62,,
"IT","Italy","E_CC_PDB_PERC","hosting for the enterprise's database","61","telecommunications","W_GE10","10 and over","2020","2020",38.26,,
"IT","Italy","E_CC_PDB_PERC","hosting for the enterprise's database","68","real estate activities","W_GE10","10 and over","2020","2020",27.73,,
"IT","Italy","E_CC_PDB_PERC","hosting for the enterprise's database","79","travel agency, tour operator and other reservation service and related activities","W_GE10","10 and over","2020","2020",49.96,,
"IT","Italy","E_CC_PDB_PERC","hosting for the enterprise's database","CD-CG","manufacture of coke and refined petroleum products, of chemicals and chemical products, of basic pharmaceutical products and preparations, of rubber, plastic and of other non-metallic mineral products","W_GE10","10 and over","2020","2020",17.71,,
"IT","Italy","E_CC_PDB_PERC","hosting for the enterprise's database","CJ-CK","manufacture of electrical equipment and of machinery and equipment n.e.c. ","W_GE10","10 and over","2020","2020",20.89,,
"IT","Italy","E_CC_PDB_PERC","hosting for the enterprise's database","JA_X_58","motion picture, video and television programme production, sound recording","W_GE10","10 and over","2020","2020",34.04,,
"IT","Italy","E_CC_PDB_PERC","hosting for the enterprise's database","0031","professional, scientific and technical activities except veterinary activities","W_GE10","10 and over","2020","2020",34.07,,
"IT","Italy","E_CC_PDB_PERC","hosting for the enterprise's database","0032","administrative and support service activities except travel agency, tour operator and other reservation service and related activities (N escluso 79)","W_GE10","10 and over","2020","2020",14.22,,
"IT","Italy","E_CC_PDB_PERC","hosting for the enterprise's database","0033","ict sector","W_GE10","10 and over","2020","2020",47.03,,
"IT","Italy","E_CC_PDB_PERC","hosting for the enterprise's database","0034","total non financial services (g-n, including 951 and excluding 75 and  k)","W10_49","10-49","2020","2020",21.87,,
"IT","Italy","E_CC_PDB_PERC","hosting for the enterprise's database","0034","total non financial services (g-n, including 951 and excluding 75 and  k)","W_GE10","10 and over","2020","2020",23.17,,
"IT","Italy","E_CC_PDB_PERC","hosting for the enterprise's database","0034","total non financial services (g-n, including 951 and excluding 75 and  k)","W50_99","50-99","2020","2020",32.94,,
"IT","Italy","E_CC_PDB_PERC","hosting for the enterprise's database","0034","total non financial services (g-n, including 951 and excluding 75 and  k)","W100_249","100-249","2020","2020",32.63,,
"IT","Italy","E_CC_PDB_PERC","hosting for the enterprise's database","0034","total non financial services (g-n, including 951 and excluding 75 and  k)","W_GE250","250 and over","2020","2020",40.34,,
"IT","Italy","E_CC_PDB_PERC","hosting for the enterprise's database","0035","total economic activities  (c-n, including 951, excluding 75 and k)","W10_49","10-49","2020","2020",19.91,,
"IT","Italy","E_CC_PDB_PERC","hosting for the enterprise's database","0035","total economic activities  (c-n, including 951, excluding 75 and k)","W_GE10","10 and over","2020","2020",21.3,,
"IT","Italy","E_CC_PDB_PERC","hosting for the enterprise's database","0035","total economic activities  (c-n, including 951, excluding 75 and k)","W50_99","50-99","2020","2020",28.95,,
"IT","Italy","E_CC_PDB_PERC","hosting for the enterprise's database","0035","total economic activities  (c-n, including 951, excluding 75 and k)","W100_249","100-249","2020","2020",31.46,,
"IT","Italy","E_CC_PDB_PERC","hosting for the enterprise's database","0035","total economic activities  (c-n, including 951, excluding 75 and k)","W_GE250","250 and over","2020","2020",42.63,,
"IT","Italy","E_CC_PDB_PERC","hosting for the enterprise's database","0036","electricity, gas steam, air conditioning supply, water supply, sewerage, waste management and remediation activities (d-e)","W10_49","10-49","2020","2020",23.27,,
"IT","Italy","E_CC_PDB_PERC","hosting for the enterprise's database","0036","electricity, gas steam, air conditioning supply, water supply, sewerage, waste management and remediation activities (d-e)","W_GE10","10 and over","2020","2020",28.49,,
"IT","Italy","E_CC_PDB_PERC","hosting for the enterprise's database","0036","electricity, gas steam, air conditioning supply, water supply, sewerage, waste management and remediation activities (d-e)","W50_99","50-99","2020","2020",38.17,,
"IT","Italy","E_CC_PDB_PERC","hosting for the enterprise's database","0036","electricity, gas steam, air conditioning supply, water supply, sewerage, waste management and remediation activities (d-e)","W100_249","100-249","2020","2020",44.28,,
"IT","Italy","E_CC_PDB_PERC","hosting for the enterprise's database","0036","electricity, gas steam, air conditioning supply, water supply, sewerage, waste management and remediation activities (d-e)","W_GE250","250 and over","2020","2020",56.22,,
"IT","Italy","E_CC_PDB_PERC","hosting for the enterprise's database","0049","transport and storage, except warehousing and support activities for transportation (h except 53)","W_GE10","10 and over","2020","2020",14.46,,
"IT","Italy","E_CC_PFACC_PERC","finance or accounting software applications","C","manufacturing","W10_49","10-49","2020","2020",26.2,,
"IT","Italy","E_CC_PFACC_PERC","finance or accounting software applications","C","manufacturing","W_GE10","10 and over","2020","2020",26.3,,
"IT","Italy","E_CC_PFACC_PERC","finance or accounting software applications","C","manufacturing","W50_99","50-99","2020","2020",26.89,,
"IT","Italy","E_CC_PFACC_PERC","finance or accounting software applications","C","manufacturing","W100_249","100-249","2020","2020",25.16,,
"IT","Italy","E_CC_PFACC_PERC","finance or accounting software applications","C","manufacturing","W_GE250","250 and over","2020","2020",30.59,,
"IT","Italy","E_CC_PFACC_PERC","finance or accounting software applications","F","construction","W10_49","10-49","2020","2020",31.01,,
"IT","Italy","E_CC_PFACC_PERC","finance or accounting software applications","F","construction","W_GE10","10 and over","2020","2020",31.3,,
"IT","Italy","E_CC_PFACC_PERC","finance or accounting software applications","F","construction","W50_99","50-99","2020","2020",32.45,,
"IT","Italy","E_CC_PFACC_PERC","finance or accounting software applications","F","construction","W100_249","100-249","2020","2020",41.66,,
"IT","Italy","E_CC_PFACC_PERC","finance or accounting software applications","F","construction","W_GE250","250 and over","2020","2020",45.01,,
"IT","Italy","E_CC_PFACC_PERC","finance or accounting software applications","G","wholesale and retail trade repair of motor vehicles and motorcycles","W_GE10","10 and over","2020","2020",30.06,,
"IT","Italy","E_CC_PFACC_PERC","finance or accounting software applications","CA","manufacture of food products, beverages and tobacco products","W_GE10","10 and over","2020","2020",24.16,,
"IT","Italy","E_CC_PFACC_PERC","finance or accounting software applications","CB","manufacture of textiles, apparel, leather and related products","W_GE10","10 and over","2020","2020",21.92,,
"IT","Italy","E_CC_PFACC_PERC","finance or accounting software applications","CC","manufacture of wood and paper products, and printing","W_GE10","10 and over","2020","2020",34.08,,
"IT","Italy","E_CC_PFACC_PERC","finance or accounting software applications","CH","manufacture of basic metals and fabricated metal products, except machinery and equipment","W_GE10","10 and over","2020","2020",27.77,,
"IT","Italy","E_CC_PFACC_PERC","finance or accounting software applications","CL","manufacture of transport equipment","W_GE10","10 and over","2020","2020",29.37,,
"IT","Italy","E_CC_PFACC_PERC","finance or accounting software applications","CM","other manufacturing, and repair and installation of machinery and equipment","W_GE10","10 and over","2020","2020",25.24,,
"IT","Italy","E_CC_PFACC_PERC","finance or accounting software applications","JC","it and other information services","W_GE10","10 and over","2020","2020",47.46,,
"IT","Italy","E_CC_PFACC_PERC","finance or accounting software applications","26","manufacture of computer, electronic and optical products","W_GE10","10 and over","2020","2020",26.37,,
"IT","Italy","E_CC_PFACC_PERC","finance or accounting software applications","53","postal and courier activities","W_GE10","10 and over","2020","2020",30.87,,
"IT","Italy","E_CC_PFACC_PERC","finance or accounting software applications","55","accommodation ","W_GE10","10 and over","2020","2020",31.68,,
"IT","Italy","E_CC_PFACC_PERC","finance or accounting software applications","56","food service activities","W_GE10","10 and over","2020","2020",18.46,,
"IT","Italy","E_CC_PFACC_PERC","finance or accounting software applications","58","publishing activities","W_GE10","10 and over","2020","2020",41.71,,
"IT","Italy","E_CC_PFACC_PERC","finance or accounting software applications","61","telecommunications","W_GE10","10 and over","2020","2020",34.86,,
"IT","Italy","E_CC_PFACC_PERC","finance or accounting software applications","68","real estate activities","W_GE10","10 and over","2020","2020",30.37,,
"IT","Italy","E_CC_PFACC_PERC","finance or accounting software applications","79","travel agency, tour operator and other reservation service and related activities","W_GE10","10 and over","2020","2020",37.05,,
"IT","Italy","E_CC_PFACC_PERC","finance or accounting software applications","CD-CG","manufacture of coke and refined petroleum products, of chemicals and chemical products, of basic pharmaceutical products and preparations, of rubber, plastic and of other non-metallic mineral products","W_GE10","10 and over","2020","2020",26.03,,
"IT","Italy","E_CC_PFACC_PERC","finance or accounting software applications","CJ-CK","manufacture of electrical equipment and of machinery and equipment n.e.c. ","W_GE10","10 and over","2020","2020",26.9,,
"IT","Italy","E_CC_PFACC_PERC","finance or accounting software applications","JA_X_58","motion picture, video and television programme production, sound recording","W_GE10","10 and over","2020","2020",45.3,,
"IT","Italy","E_CC_PFACC_PERC","finance or accounting software applications","0031","professional, scientific and technical activities except veterinary activities","W_GE10","10 and over","2020","2020",43.11,,
"IT","Italy","E_CC_PFACC_PERC","finance or accounting software applications","0032","administrative and support service activities except travel agency, tour operator and other reservation service and related activities (N escluso 79)","W_GE10","10 and over","2020","2020",35.86,,
"IT","Italy","E_CC_PFACC_PERC","finance or accounting software applications","0033","ict sector","W_GE10","10 and over","2020","2020",43,,
"IT","Italy","E_CC_PFACC_PERC","finance or accounting software applications","0034","total non financial services (g-n, including 951 and excluding 75 and  k)","W10_49","10-49","2020","2020",28.17,,
"IT","Italy","E_CC_PFACC_PERC","finance or accounting software applications","0034","total non financial services (g-n, including 951 and excluding 75 and  k)","W_GE10","10 and over","2020","2020",29.07,,
"IT","Italy","E_CC_PFACC_PERC","finance or accounting software applications","0034","total non financial services (g-n, including 951 and excluding 75 and  k)","W50_99","50-99","2020","2020",36.77,,
"IT","Italy","E_CC_PFACC_PERC","finance or accounting software applications","0034","total non financial services (g-n, including 951 and excluding 75 and  k)","W100_249","100-249","2020","2020",38.04,,
"IT","Italy","E_CC_PFACC_PERC","finance or accounting software applications","0034","total non financial services (g-n, including 951 and excluding 75 and  k)","W_GE250","250 and over","2020","2020",33.11,,
"IT","Italy","E_CC_PFACC_PERC","finance or accounting software applications","0035","total economic activities  (c-n, including 951, excluding 75 and k)","W10_49","10-49","2020","2020",27.84,,
"IT","Italy","E_CC_PFACC_PERC","finance or accounting software applications","0035","total economic activities  (c-n, including 951, excluding 75 and k)","W_GE10","10 and over","2020","2020",28.38,,
"IT","Italy","E_CC_PFACC_PERC","finance or accounting software applications","0035","total economic activities  (c-n, including 951, excluding 75 and k)","W50_99","50-99","2020","2020",32.28,,
"IT","Italy","E_CC_PFACC_PERC","finance or accounting software applications","0035","total economic activities  (c-n, including 951, excluding 75 and k)","W100_249","100-249","2020","2020",32.46,,
"IT","Italy","E_CC_PFACC_PERC","finance or accounting software applications","0035","total economic activities  (c-n, including 951, excluding 75 and k)","W_GE250","250 and over","2020","2020",32.59,,
"IT","Italy","E_CC_PFACC_PERC","finance or accounting software applications","0036","electricity, gas steam, air conditioning supply, water supply, sewerage, waste management and remediation activities (d-e)","W10_49","10-49","2020","2020",30.88,,
"IT","Italy","E_CC_PFACC_PERC","finance or accounting software applications","0036","electricity, gas steam, air conditioning supply, water supply, sewerage, waste management and remediation activities (d-e)","W_GE10","10 and over","2020","2020",31.91,,
"IT","Italy","E_CC_PFACC_PERC","finance or accounting software applications","0036","electricity, gas steam, air conditioning supply, water supply, sewerage, waste management and remediation activities (d-e)","W50_99","50-99","2020","2020",36.63,,
"IT","Italy","E_CC_PFACC_PERC","finance or accounting software applications","0036","electricity, gas steam, air conditioning supply, water supply, sewerage, waste management and remediation activities (d-e)","W100_249","100-249","2020","2020",32.47,,
"IT","Italy","E_CC_PFACC_PERC","finance or accounting software applications","0036","electricity, gas steam, air conditioning supply, water supply, sewerage, waste management and remediation activities (d-e)","W_GE250","250 and over","2020","2020",35.95,,
"IT","Italy","E_CC_PFACC_PERC","finance or accounting software applications","0049","transport and storage, except warehousing and support activities for transportation (h except 53)","W_GE10","10 and over","2020","2020",17.4,,
"IT","Italy","E_CC_PCRM_PERC","customer relationship management software","C","manufacturing","W10_49","10-49","2020","2020",6.38,,
"IT","Italy","E_CC_PCRM_PERC","customer relationship management software","C","manufacturing","W_GE10","10 and over","2020","2020",7.77,,
"IT","Italy","E_CC_PCRM_PERC","customer relationship management software","C","manufacturing","W50_99","50-99","2020","2020",11.7,,
"IT","Italy","E_CC_PCRM_PERC","customer relationship management software","C","manufacturing","W100_249","100-249","2020","2020",17.05,,
"IT","Italy","E_CC_PCRM_PERC","customer relationship management software","C","manufacturing","W_GE250","250 and over","2020","2020",31.59,,
"IT","Italy","E_CC_PCRM_PERC","customer relationship management software","F","construction","W10_49","10-49","2020","2020",6.53,,
"IT","Italy","E_CC_PCRM_PERC","customer relationship management software","F","construction","W_GE10","10 and over","2020","2020",6.76,,
"IT","Italy","E_CC_PCRM_PERC","customer relationship management software","F","construction","W50_99","50-99","2020","2020",7.14,,
"IT","Italy","E_CC_PCRM_PERC","customer relationship management software","F","construction","W100_249","100-249","2020","2020",14.71,,
"IT","Italy","E_CC_PCRM_PERC","customer relationship management software","F","construction","W_GE250","250 and over","2020","2020",22.16,,
"IT","Italy","E_CC_PCRM_PERC","customer relationship management software","G","wholesale and retail trade repair of motor vehicles and motorcycles","W_GE10","10 and over","2020","2020",15.42,,
"IT","Italy","E_CC_PCRM_PERC","customer relationship management software","CA","manufacture of food products, beverages and tobacco products","W_GE10","10 and over","2020","2020",5.63,,
"IT","Italy","E_CC_PCRM_PERC","customer relationship management software","CB","manufacture of textiles, apparel, leather and related products","W_GE10","10 and over","2020","2020",5.39,,
"IT","Italy","E_CC_PCRM_PERC","customer relationship management software","CC","manufacture of wood and paper products, and printing","W_GE10","10 and over","2020","2020",5.25,,
"IT","Italy","E_CC_PCRM_PERC","customer relationship management software","CH","manufacture of basic metals and fabricated metal products, except machinery and equipment","W_GE10","10 and over","2020","2020",8.16,,
"IT","Italy","E_CC_PCRM_PERC","customer relationship management software","CL","manufacture of transport equipment","W_GE10","10 and over","2020","2020",4.77,,
"IT","Italy","E_CC_PCRM_PERC","customer relationship management software","CM","other manufacturing, and repair and installation of machinery and equipment","W_GE10","10 and over","2020","2020",7.25,,
"IT","Italy","E_CC_PCRM_PERC","customer relationship management software","JC","it and other information services","W_GE10","10 and over","2020","2020",33.09,,
"IT","Italy","E_CC_PCRM_PERC","customer relationship management software","26","manufacture of computer, electronic and optical products","W_GE10","10 and over","2020","2020",15.92,,
"IT","Italy","E_CC_PCRM_PERC","customer relationship management software","53","postal and courier activities","W_GE10","10 and over","2020","2020",33.37,,
"IT","Italy","E_CC_PCRM_PERC","customer relationship management software","55","accommodation ","W_GE10","10 and over","2020","2020",22.54,,
"IT","Italy","E_CC_PCRM_PERC","customer relationship management software","56","food service activities","W_GE10","10 and over","2020","2020",2.48,,
"IT","Italy","E_CC_PCRM_PERC","customer relationship management software","58","publishing activities","W_GE10","10 and over","2020","2020",23.16,,
"IT","Italy","E_CC_PCRM_PERC","customer relationship management software","61","telecommunications","W_GE10","10 and over","2020","2020",29.32,,
"IT","Italy","E_CC_PCRM_PERC","customer relationship management software","68","real estate activities","W_GE10","10 and over","2020","2020",12.93,,
"IT","Italy","E_CC_PCRM_PERC","customer relationship management software","79","travel agency, tour operator and other reservation service and related activities","W_GE10","10 and over","2020","2020",24.14,,
"IT","Italy","E_CC_PCRM_PERC","customer relationship management software","CD-CG","manufacture of coke and refined petroleum products, of chemicals and chemical products, of basic pharmaceutical products and preparations, of rubber, plastic and of other non-metallic mineral products","W_GE10","10 and over","2020","2020",11.74,,
"IT","Italy","E_CC_PCRM_PERC","customer relationship management software","CJ-CK","manufacture of electrical equipment and of machinery and equipment n.e.c. ","W_GE10","10 and over","2020","2020",9.06,,
"IT","Italy","E_CC_PCRM_PERC","customer relationship management software","JA_X_58","motion picture, video and television programme production, sound recording","W_GE10","10 and over","2020","2020",10.99,,
"IT","Italy","E_CC_PCRM_PERC","customer relationship management software","0031","professional, scientific and technical activities except veterinary activities","W_GE10","10 and over","2020","2020",13.79,,
"IT","Italy","E_CC_PCRM_PERC","customer relationship management software","0032","administrative and support service activities except travel agency, tour operator and other reservation service and related activities (N escluso 79)","W_GE10","10 and over","2020","2020",7.66,,
"IT","Italy","E_CC_PCRM_PERC","customer relationship management software","0033","ict sector","W_GE10","10 and over","2020","2020",31.43,,
"IT","Italy","E_CC_PCRM_PERC","customer relationship management software","0034","total non financial services (g-n, including 951 and excluding 75 and  k)","W10_49","10-49","2020","2020",11.18,,
"IT","Italy","E_CC_PCRM_PERC","customer relationship management software","0034","total non financial services (g-n, including 951 and excluding 75 and  k)","W_GE10","10 and over","2020","2020",12.21,,
"IT","Italy","E_CC_PCRM_PERC","customer relationship management software","0034","total non financial services (g-n, including 951 and excluding 75 and  k)","W50_99","50-99","2020","2020",18.85,,
"IT","Italy","E_CC_PCRM_PERC","customer relationship management software","0034","total non financial services (g-n, including 951 and excluding 75 and  k)","W100_249","100-249","2020","2020",20.91,,
"IT","Italy","E_CC_PCRM_PERC","customer relationship management software","0034","total non financial services (g-n, including 951 and excluding 75 and  k)","W_GE250","250 and over","2020","2020",27.17,,
"IT","Italy","E_CC_PCRM_PERC","customer relationship management software","0035","total economic activities  (c-n, including 951, excluding 75 and k)","W10_49","10-49","2020","2020",9.11,,
"IT","Italy","E_CC_PCRM_PERC","customer relationship management software","0035","total economic activities  (c-n, including 951, excluding 75 and k)","W_GE10","10 and over","2020","2020",10.19,,
"IT","Italy","E_CC_PCRM_PERC","customer relationship management software","0035","total economic activities  (c-n, including 951, excluding 75 and k)","W50_99","50-99","2020","2020",15,,
"IT","Italy","E_CC_PCRM_PERC","customer relationship management software","0035","total economic activities  (c-n, including 951, excluding 75 and k)","W100_249","100-249","2020","2020",19,,
"IT","Italy","E_CC_PCRM_PERC","customer relationship management software","0035","total economic activities  (c-n, including 951, excluding 75 and k)","W_GE250","250 and over","2020","2020",29.14,,
"IT","Italy","E_CC_PCRM_PERC","customer relationship management software","0036","electricity, gas steam, air conditioning supply, water supply, sewerage, waste management and remediation activities (d-e)","W10_49","10-49","2020","2020",11.02,,
"IT","Italy","E_CC_PCRM_PERC","customer relationship management software","0036","electricity, gas steam, air conditioning supply, water supply, sewerage, waste management and remediation activities (d-e)","W_GE10","10 and over","2020","2020",13.79,,
"IT","Italy","E_CC_PCRM_PERC","customer relationship management software","0036","electricity, gas steam, air conditioning supply, water supply, sewerage, waste management and remediation activities (d-e)","W50_99","50-99","2020","2020",16.2,,
"IT","Italy","E_CC_PCRM_PERC","customer relationship management software","0036","electricity, gas steam, air conditioning supply, water supply, sewerage, waste management and remediation activities (d-e)","W100_249","100-249","2020","2020",21.07,,
"IT","Italy","E_CC_PCRM_PERC","customer relationship management software","0036","electricity, gas steam, air conditioning supply, water supply, sewerage, waste management and remediation activities (d-e)","W_GE250","250 and over","2020","2020",35.44,,
"IT","Italy","E_CC_PCRM_PERC","customer relationship management software","0049","transport and storage, except warehousing and support activities for transportation (h except 53)","W_GE10","10 and over","2020","2020",5.33,,
"IT","Italy","E_CC_PCPU_PERC","computing power to run the enterprise's own software ","C","manufacturing","W10_49","10-49","2020","2020",4.81,,
"IT","Italy","E_CC_PCPU_PERC","computing power to run the enterprise's own software ","C","manufacturing","W_GE10","10 and over","2020","2020",5.64,,
"IT","Italy","E_CC_PCPU_PERC","computing power to run the enterprise's own software ","C","manufacturing","W50_99","50-99","2020","2020",8.16,,
"IT","Italy","E_CC_PCPU_PERC","computing power to run the enterprise's own software ","C","manufacturing","W100_249","100-249","2020","2020",10.42,,
"IT","Italy","E_CC_PCPU_PERC","computing power to run the enterprise's own software ","C","manufacturing","W_GE250","250 and over","2020","2020",21.03,,
"IT","Italy","E_CC_PCPU_PERC","computing power to run the enterprise's own software ","F","construction","W10_49","10-49","2020","2020",5.98,,
"IT","Italy","E_CC_PCPU_PERC","computing power to run the enterprise's own software ","F","construction","W_GE10","10 and over","2020","2020",6.43,,
"IT","Italy","E_CC_PCPU_PERC","computing power to run the enterprise's own software ","F","construction","W50_99","50-99","2020","2020",11.67,,
"IT","Italy","E_CC_PCPU_PERC","computing power to run the enterprise's own software ","F","construction","W100_249","100-249","2020","2020",14.9,,
"IT","Italy","E_CC_PCPU_PERC","computing power to run the enterprise's own software ","F","construction","W_GE250","250 and over","2020","2020",20.93,,
"IT","Italy","E_CC_PCPU_PERC","computing power to run the enterprise's own software ","G","wholesale and retail trade repair of motor vehicles and motorcycles","W_GE10","10 and over","2020","2020",9.38,,
"IT","Italy","E_CC_PCPU_PERC","computing power to run the enterprise's own software ","CA","manufacture of food products, beverages and tobacco products","W_GE10","10 and over","2020","2020",3.95,,
"IT","Italy","E_CC_PCPU_PERC","computing power to run the enterprise's own software ","CB","manufacture of textiles, apparel, leather and related products","W_GE10","10 and over","2020","2020",2.92,,
"IT","Italy","E_CC_PCPU_PERC","computing power to run the enterprise's own software ","CC","manufacture of wood and paper products, and printing","W_GE10","10 and over","2020","2020",6.34,,
"IT","Italy","E_CC_PCPU_PERC","computing power to run the enterprise's own software ","CH","manufacture of basic metals and fabricated metal products, except machinery and equipment","W_GE10","10 and over","2020","2020",7.95,,
"IT","Italy","E_CC_PCPU_PERC","computing power to run the enterprise's own software ","CL","manufacture of transport equipment","W_GE10","10 and over","2020","2020",4.85,,
"IT","Italy","E_CC_PCPU_PERC","computing power to run the enterprise's own software ","CM","other manufacturing, and repair and installation of machinery and equipment","W_GE10","10 and over","2020","2020",4.54,,
"IT","Italy","E_CC_PCPU_PERC","computing power to run the enterprise's own software ","JC","it and other information services","W_GE10","10 and over","2020","2020",26.95,,
"IT","Italy","E_CC_PCPU_PERC","computing power to run the enterprise's own software ","26","manufacture of computer, electronic and optical products","W_GE10","10 and over","2020","2020",12.12,,
"IT","Italy","E_CC_PCPU_PERC","computing power to run the enterprise's own software ","53","postal and courier activities","W_GE10","10 and over","2020","2020",23.66,,
"IT","Italy","E_CC_PCPU_PERC","computing power to run the enterprise's own software ","55","accommodation ","W_GE10","10 and over","2020","2020",11.07,,
"IT","Italy","E_CC_PCPU_PERC","computing power to run the enterprise's own software ","56","food service activities","W_GE10","10 and over","2020","2020",0.55,,
"IT","Italy","E_CC_PCPU_PERC","computing power to run the enterprise's own software ","58","publishing activities","W_GE10","10 and over","2020","2020",15.19,,
"IT","Italy","E_CC_PCPU_PERC","computing power to run the enterprise's own software ","61","telecommunications","W_GE10","10 and over","2020","2020",21.14,,
"IT","Italy","E_CC_PCPU_PERC","computing power to run the enterprise's own software ","68","real estate activities","W_GE10","10 and over","2020","2020",9.01,,
"IT","Italy","E_CC_PCPU_PERC","computing power to run the enterprise's own software ","79","travel agency, tour operator and other reservation service and related activities","W_GE10","10 and over","2020","2020",10,,
"IT","Italy","E_CC_PCPU_PERC","computing power to run the enterprise's own software ","CD-CG","manufacture of coke and refined petroleum products, of chemicals and chemical products, of basic pharmaceutical products and preparations, of rubber, plastic and of other non-metallic mineral products","W_GE10","10 and over","2020","2020",4.91,,
"IT","Italy","E_CC_PCPU_PERC","computing power to run the enterprise's own software ","CJ-CK","manufacture of electrical equipment and of machinery and equipment n.e.c. ","W_GE10","10 and over","2020","2020",6.65,,
"IT","Italy","E_CC_PCPU_PERC","computing power to run the enterprise's own software ","JA_X_58","motion picture, video and television programme production, sound recording","W_GE10","10 and over","2020","2020",11.44,,
"IT","Italy","E_CC_PCPU_PERC","computing power to run the enterprise's own software ","0031","professional, scientific and technical activities except veterinary activities","W_GE10","10 and over","2020","2020",9.55,,
"IT","Italy","E_CC_PCPU_PERC","computing power to run the enterprise's own software ","0032","administrative and support service activities except travel agency, tour operator and other reservation service and related activities (N escluso 79)","W_GE10","10 and over","2020","2020",7.09,,
"IT","Italy","E_CC_PCPU_PERC","computing power to run the enterprise's own software ","0033","ict sector","W_GE10","10 and over","2020","2020",23.49,,
"IT","Italy","E_CC_PCPU_PERC","computing power to run the enterprise's own software ","0034","total non financial services (g-n, including 951 and excluding 75 and  k)","W10_49","10-49","2020","2020",7.11,,
"IT","Italy","E_CC_PCPU_PERC","computing power to run the enterprise's own software ","0034","total non financial services (g-n, including 951 and excluding 75 and  k)","W_GE10","10 and over","2020","2020",7.98,,
"IT","Italy","E_CC_PCPU_PERC","computing power to run the enterprise's own software ","0034","total non financial services (g-n, including 951 and excluding 75 and  k)","W50_99","50-99","2020","2020",13.9,,
"IT","Italy","E_CC_PCPU_PERC","computing power to run the enterprise's own software ","0034","total non financial services (g-n, including 951 and excluding 75 and  k)","W100_249","100-249","2020","2020",15.06,,
"IT","Italy","E_CC_PCPU_PERC","computing power to run the enterprise's own software ","0034","total non financial services (g-n, including 951 and excluding 75 and  k)","W_GE250","250 and over","2020","2020",19.68,,
"IT","Italy","E_CC_PCPU_PERC","computing power to run the enterprise's own software ","0035","total economic activities  (c-n, including 951, excluding 75 and k)","W10_49","10-49","2020","2020",6.24,,
"IT","Italy","E_CC_PCPU_PERC","computing power to run the enterprise's own software ","0035","total economic activities  (c-n, including 951, excluding 75 and k)","W_GE10","10 and over","2020","2020",7.07,,
"IT","Italy","E_CC_PCPU_PERC","computing power to run the enterprise's own software ","0035","total economic activities  (c-n, including 951, excluding 75 and k)","W50_99","50-99","2020","2020",11.29,,
"IT","Italy","E_CC_PCPU_PERC","computing power to run the enterprise's own software ","0035","total economic activities  (c-n, including 951, excluding 75 and k)","W100_249","100-249","2020","2020",13.11,,
"IT","Italy","E_CC_PCPU_PERC","computing power to run the enterprise's own software ","0035","total economic activities  (c-n, including 951, excluding 75 and k)","W_GE250","250 and over","2020","2020",21.05,,
"IT","Italy","E_CC_PCPU_PERC","computing power to run the enterprise's own software ","0036","electricity, gas steam, air conditioning supply, water supply, sewerage, waste management and remediation activities (d-e)","W10_49","10-49","2020","2020",7.49,,
"IT","Italy","E_CC_PCPU_PERC","computing power to run the enterprise's own software ","0036","electricity, gas steam, air conditioning supply, water supply, sewerage, waste management and remediation activities (d-e)","W_GE10","10 and over","2020","2020",10.51,,
"IT","Italy","E_CC_PCPU_PERC","computing power to run the enterprise's own software ","0036","electricity, gas steam, air conditioning supply, water supply, sewerage, waste management and remediation activities (d-e)","W50_99","50-99","2020","2020",13.41,,
"IT","Italy","E_CC_PCPU_PERC","computing power to run the enterprise's own software ","0036","electricity, gas steam, air conditioning supply, water supply, sewerage, waste management and remediation activities (d-e)","W100_249","100-249","2020","2020",16.58,,
"IT","Italy","E_CC_PCPU_PERC","computing power to run the enterprise's own software ","0036","electricity, gas steam, air conditioning supply, water supply, sewerage, waste management and remediation activities (d-e)","W_GE250","250 and over","2020","2020",36.45,,
"IT","Italy","E_CC_PCPU_PERC","computing power to run the enterprise's own software ","0049","transport and storage, except warehousing and support activities for transportation (h except 53)","W_GE10","10 and over","2020","2020",4.81,,
"IT","Italy","E_CC_PANY_PERC","at least one of the mentioned services","C","manufacturing","W10_49","10-49","2020","2020",57.35,,
"IT","Italy","E_CC_PANY_PERC","at least one of the mentioned services","C","manufacturing","W_GE10","10 and over","2020","2020",58.83,,
"IT","Italy","E_CC_PANY_PERC","at least one of the mentioned services","C","manufacturing","W50_99","50-99","2020","2020",63.37,,
"IT","Italy","E_CC_PANY_PERC","at least one of the mentioned services","C","manufacturing","W100_249","100-249","2020","2020",67.42,,
"IT","Italy","E_CC_PANY_PERC","at least one of the mentioned services","C","manufacturing","W_GE250","250 and over","2020","2020",85.26,,
"IT","Italy","E_CC_PANY_PERC","at least one of the mentioned services","F","construction","W10_49","10-49","2020","2020",57.83,,
"IT","Italy","E_CC_PANY_PERC","at least one of the mentioned services","F","construction","W_GE10","10 and over","2020","2020",58.47,,
"IT","Italy","E_CC_PANY_PERC","at least one of the mentioned services","F","construction","W50_99","50-99","2020","2020",66.53,,
"IT","Italy","E_CC_PANY_PERC","at least one of the mentioned services","F","construction","W100_249","100-249","2020","2020",66.71,,
"IT","Italy","E_CC_PANY_PERC","at least one of the mentioned services","F","construction","W_GE250","250 and over","2020","2020",86.28,,
"IT","Italy","E_CC_PANY_PERC","at least one of the mentioned services","G","wholesale and retail trade repair of motor vehicles and motorcycles","W_GE10","10 and over","2020","2020",60.52,,
"IT","Italy","E_CC_PANY_PERC","at least one of the mentioned services","CA","manufacture of food products, beverages and tobacco products","W_GE10","10 and over","2020","2020",62.05,,
"IT","Italy","E_CC_PANY_PERC","at least one of the mentioned services","CB","manufacture of textiles, apparel, leather and related products","W_GE10","10 and over","2020","2020",51.74,,
"IT","Italy","E_CC_PANY_PERC","at least one of the mentioned services","CC","manufacture of wood and paper products, and printing","W_GE10","10 and over","2020","2020",60.57,,
"IT","Italy","E_CC_PANY_PERC","at least one of the mentioned services","CH","manufacture of basic metals and fabricated metal products, except machinery and equipment","W_GE10","10 and over","2020","2020",58.07,,
"IT","Italy","E_CC_PANY_PERC","at least one of the mentioned services","CL","manufacture of transport equipment","W_GE10","10 and over","2020","2020",57.32,,
"IT","Italy","E_CC_PANY_PERC","at least one of the mentioned services","CM","other manufacturing, and repair and installation of machinery and equipment","W_GE10","10 and over","2020","2020",59.85,,
"IT","Italy","E_CC_PANY_PERC","at least one of the mentioned services","JC","it and other information services","W_GE10","10 and over","2020","2020",85.48,,
"IT","Italy","E_CC_PANY_PERC","at least one of the mentioned services","26","manufacture of computer, electronic and optical products","W_GE10","10 and over","2020","2020",68.22,,
"IT","Italy","E_CC_PANY_PERC","at least one of the mentioned services","53","postal and courier activities","W_GE10","10 and over","2020","2020",60.29,,
"IT","Italy","E_CC_PANY_PERC","at least one of the mentioned services","55","accommodation ","W_GE10","10 and over","2020","2020",62.06,,
"IT","Italy","E_CC_PANY_PERC","at least one of the mentioned services","56","food service activities","W_GE10","10 and over","2020","2020",53,,
"IT","Italy","E_CC_PANY_PERC","at least one of the mentioned services","58","publishing activities","W_GE10","10 and over","2020","2020",86.21,,
"IT","Italy","E_CC_PANY_PERC","at least one of the mentioned services","61","telecommunications","W_GE10","10 and over","2020","2020",73.09,,
"IT","Italy","E_CC_PANY_PERC","at least one of the mentioned services","68","real estate activities","W_GE10","10 and over","2020","2020",61.09,,
"IT","Italy","E_CC_PANY_PERC","at least one of the mentioned services","79","travel agency, tour operator and other reservation service and related activities","W_GE10","10 and over","2020","2020",65.67,,
"IT","Italy","E_CC_PANY_PERC","at least one of the mentioned services","CD-CG","manufacture of coke and refined petroleum products, of chemicals and chemical products, of basic pharmaceutical products and preparations, of rubber, plastic and of other non-metallic mineral products","W_GE10","10 and over","2020","2020",57.91,,
"IT","Italy","E_CC_PANY_PERC","at least one of the mentioned services","CJ-CK","manufacture of electrical equipment and of machinery and equipment n.e.c. ","W_GE10","10 and over","2020","2020",62.48,,
"IT","Italy","E_CC_PANY_PERC","at least one of the mentioned services","JA_X_58","motion picture, video and television programme production, sound recording","W_GE10","10 and over","2020","2020",76.52,,
"IT","Italy","E_CC_PANY_PERC","at least one of the mentioned services","0031","professional, scientific and technical activities except veterinary activities","W_GE10","10 and over","2020","2020",75.56,,
"IT","Italy","E_CC_PANY_PERC","at least one of the mentioned services","0032","administrative and support service activities except travel agency, tour operator and other reservation service and related activities (N escluso 79)","W_GE10","10 and over","2020","2020",54.28,,
"IT","Italy","E_CC_PANY_PERC","at least one of the mentioned services","0033","ict sector","W_GE10","10 and over","2020","2020",82.16,,
"IT","Italy","E_CC_PANY_PERC","at least one of the mentioned services","0034","total non financial services (g-n, including 951 and excluding 75 and  k)","W10_49","10-49","2020","2020",58,,
"IT","Italy","E_CC_PANY_PERC","at least one of the mentioned services","0034","total non financial services (g-n, including 951 and excluding 75 and  k)","W_GE10","10 and over","2020","2020",59.01,,
"IT","Italy","E_CC_PANY_PERC","at least one of the mentioned services","0034","total non financial services (g-n, including 951 and excluding 75 and  k)","W50_99","50-99","2020","2020",63.98,,
"IT","Italy","E_CC_PANY_PERC","at least one of the mentioned services","0034","total non financial services (g-n, including 951 and excluding 75 and  k)","W100_249","100-249","2020","2020",70.95,,
"IT","Italy","E_CC_PANY_PERC","at least one of the mentioned services","0034","total non financial services (g-n, including 951 and excluding 75 and  k)","W_GE250","250 and over","2020","2020",72.82,,
"IT","Italy","E_CC_PANY_PERC","at least one of the mentioned services","0035","total economic activities  (c-n, including 951, excluding 75 and k)","W10_49","10-49","2020","2020",57.8,,
"IT","Italy","E_CC_PANY_PERC","at least one of the mentioned services","0035","total economic activities  (c-n, including 951, excluding 75 and k)","W_GE10","10 and over","2020","2020",58.99,,
"IT","Italy","E_CC_PANY_PERC","at least one of the mentioned services","0035","total economic activities  (c-n, including 951, excluding 75 and k)","W50_99","50-99","2020","2020",64.11,,
"IT","Italy","E_CC_PANY_PERC","at least one of the mentioned services","0035","total economic activities  (c-n, including 951, excluding 75 and k)","W100_249","100-249","2020","2020",69.72,,
"IT","Italy","E_CC_PANY_PERC","at least one of the mentioned services","0035","total economic activities  (c-n, including 951, excluding 75 and k)","W_GE250","250 and over","2020","2020",78.55,,
"IT","Italy","E_CC_PANY_PERC","at least one of the mentioned services","0036","electricity, gas steam, air conditioning supply, water supply, sewerage, waste management and remediation activities (d-e)","W10_49","10-49","2020","2020",60.49,,
"IT","Italy","E_CC_PANY_PERC","at least one of the mentioned services","0036","electricity, gas steam, air conditioning supply, water supply, sewerage, waste management and remediation activities (d-e)","W_GE10","10 and over","2020","2020",65.29,,
"IT","Italy","E_CC_PANY_PERC","at least one of the mentioned services","0036","electricity, gas steam, air conditioning supply, water supply, sewerage, waste management and remediation activities (d-e)","W50_99","50-99","2020","2020",73.47,,
"IT","Italy","E_CC_PANY_PERC","at least one of the mentioned services","0036","electricity, gas steam, air conditioning supply, water supply, sewerage, waste management and remediation activities (d-e)","W100_249","100-249","2020","2020",83.87,,
"IT","Italy","E_CC_PANY_PERC","at least one of the mentioned services","0036","electricity, gas steam, air conditioning supply, water supply, sewerage, waste management and remediation activities (d-e)","W_GE250","250 and over","2020","2020",86.03,,
"IT","Italy","E_CC_PANY_PERC","at least one of the mentioned services","0049","transport and storage, except warehousing and support activities for transportation (h except 53)","W_GE10","10 and over","2020","2020",42.63,,
"IT","Italy","E_CC_LO_PERC","only low","C","manufacturing","W10_49","10-49","2020","2020",22.7,,
"IT","Italy","E_CC_LO_PERC","only low","C","manufacturing","W_GE10","10 and over","2020","2020",22.95,,
"IT","Italy","E_CC_LO_PERC","only low","C","manufacturing","W50_99","50-99","2020","2020",23.89,,
"IT","Italy","E_CC_LO_PERC","only low","C","manufacturing","W100_249","100-249","2020","2020",25.97,,
"IT","Italy","E_CC_LO_PERC","only low","C","manufacturing","W_GE250","250 and over","2020","2020",23.16,,
"IT","Italy","E_CC_LO_PERC","only low","F","construction","W10_49","10-49","2020","2020",21.04,,
"IT","Italy","E_CC_LO_PERC","only low","F","construction","W_GE10","10 and over","2020","2020",20.78,,
"IT","Italy","E_CC_LO_PERC","only low","F","construction","W50_99","50-99","2020","2020",17.38,,
"IT","Italy","E_CC_LO_PERC","only low","F","construction","W100_249","100-249","2020","2020",13.75,,
"IT","Italy","E_CC_LO_PERC","only low","F","construction","W_GE250","250 and over","2020","2020",24.61,,
"IT","Italy","E_CC_LO_PERC","only low","G","wholesale and retail trade repair of motor vehicles and motorcycles","W_GE10","10 and over","2020","2020",18.2,,
"IT","Italy","E_CC_LO_PERC","only low","CA","manufacture of food products, beverages and tobacco products","W_GE10","10 and over","2020","2020",28.24,,
"IT","Italy","E_CC_LO_PERC","only low","CB","manufacture of textiles, apparel, leather and related products","W_GE10","10 and over","2020","2020",24.69,,
"IT","Italy","E_CC_LO_PERC","only low","CC","manufacture of wood and paper products, and printing","W_GE10","10 and over","2020","2020",20,,
"IT","Italy","E_CC_LO_PERC","only low","CH","manufacture of basic metals and fabricated metal products, except machinery and equipment","W_GE10","10 and over","2020","2020",20.53,,
"IT","Italy","E_CC_LO_PERC","only low","CL","manufacture of transport equipment","W_GE10","10 and over","2020","2020",23.64,,
"IT","Italy","E_CC_LO_PERC","only low","CM","other manufacturing, and repair and installation of machinery and equipment","W_GE10","10 and over","2020","2020",21.8,,
"IT","Italy","E_CC_LO_PERC","only low","JC","it and other information services","W_GE10","10 and over","2020","2020",14.65,,
"IT","Italy","E_CC_LO_PERC","only low","26","manufacture of computer, electronic and optical products","W_GE10","10 and over","2020","2020",21.06,,
"IT","Italy","E_CC_LO_PERC","only low","53","postal and courier activities","W_GE10","10 and over","2020","2020",3.78,,
"IT","Italy","E_CC_LO_PERC","only low","55","accommodation ","W_GE10","10 and over","2020","2020",15.27,,
"IT","Italy","E_CC_LO_PERC","only low","56","food service activities","W_GE10","10 and over","2020","2020",,"c","unseen data because of the statistical confidenciality"
"IT","Italy","E_CC_LO_PERC","only low","58","publishing activities","W_GE10","10 and over","2020","2020",15.92,,
"IT","Italy","E_CC_LO_PERC","only low","61","telecommunications","W_GE10","10 and over","2020","2020",15.14,,
"IT","Italy","E_CC_LO_PERC","only low","68","real estate activities","W_GE10","10 and over","2020","2020",15.03,,
"IT","Italy","E_CC_LO_PERC","only low","79","travel agency, tour operator and other reservation service and related activities","W_GE10","10 and over","2020","2020",7.99,,
"IT","Italy","E_CC_LO_PERC","only low","CD-CG","manufacture of coke and refined petroleum products, of chemicals and chemical products, of basic pharmaceutical products and preparations, of rubber, plastic and of other non-metallic mineral products","W_GE10","10 and over","2020","2020",22.57,,
"IT","Italy","E_CC_LO_PERC","only low","CJ-CK","manufacture of electrical equipment and of machinery and equipment n.e.c. ","W_GE10","10 and over","2020","2020",23.42,,
"IT","Italy","E_CC_LO_PERC","only low","JA_X_58","motion picture, video and television programme production, sound recording","W_GE10","10 and over","2020","2020",19.34,,
"IT","Italy","E_CC_LO_PERC","only low","0031","professional, scientific and technical activities except veterinary activities","W_GE10","10 and over","2020","2020",20.02,,
"IT","Italy","E_CC_LO_PERC","only low","0032","administrative and support service activities except travel agency, tour operator and other reservation service and related activities (N escluso 79)","W_GE10","10 and over","2020","2020",14.22,,
"IT","Italy","E_CC_LO_PERC","only low","0033","ict sector","W_GE10","10 and over","2020","2020",16.58,,
"IT","Italy","E_CC_LO_PERC","only low","0034","total non financial services (g-n, including 951 and excluding 75 and  k)","W10_49","10-49","2020","2020",19.74,,
"IT","Italy","E_CC_LO_PERC","only low","0034","total non financial services (g-n, including 951 and excluding 75 and  k)","W_GE10","10 and over","2020","2020",19.31,,
"IT","Italy","E_CC_LO_PERC","only low","0034","total non financial services (g-n, including 951 and excluding 75 and  k)","W50_99","50-99","2020","2020",13.84,,
"IT","Italy","E_CC_LO_PERC","only low","0034","total non financial services (g-n, including 951 and excluding 75 and  k)","W100_249","100-249","2020","2020",17.89,,
"IT","Italy","E_CC_LO_PERC","only low","0034","total non financial services (g-n, including 951 and excluding 75 and  k)","W_GE250","250 and over","2020","2020",18.06,,
"IT","Italy","E_CC_LO_PERC","only low","0035","total economic activities  (c-n, including 951, excluding 75 and k)","W10_49","10-49","2020","2020",20.87,,
"IT","Italy","E_CC_LO_PERC","only low","0035","total economic activities  (c-n, including 951, excluding 75 and k)","W_GE10","10 and over","2020","2020",20.72,,
"IT","Italy","E_CC_LO_PERC","only low","0035","total economic activities  (c-n, including 951, excluding 75 and k)","W50_99","50-99","2020","2020",18.5,,
"IT","Italy","E_CC_LO_PERC","only low","0035","total economic activities  (c-n, including 951, excluding 75 and k)","W100_249","100-249","2020","2020",21.46,,
"IT","Italy","E_CC_LO_PERC","only low","0035","total economic activities  (c-n, including 951, excluding 75 and k)","W_GE250","250 and over","2020","2020",20.11,,
"IT","Italy","E_CC_LO_PERC","only low","0036","electricity, gas steam, air conditioning supply, water supply, sewerage, waste management and remediation activities (d-e)","W10_49","10-49","2020","2020",21.09,,
"IT","Italy","E_CC_LO_PERC","only low","0036","electricity, gas steam, air conditioning supply, water supply, sewerage, waste management and remediation activities (d-e)","W_GE10","10 and over","2020","2020",21.11,,
"IT","Italy","E_CC_LO_PERC","only low","0036","electricity, gas steam, air conditioning supply, water supply, sewerage, waste management and remediation activities (d-e)","W50_99","50-99","2020","2020",19.98,,
"IT","Italy","E_CC_LO_PERC","only low","0036","electricity, gas steam, air conditioning supply, water supply, sewerage, waste management and remediation activities (d-e)","W100_249","100-249","2020","2020",25.37,,
"IT","Italy","E_CC_LO_PERC","only low","0036","electricity, gas steam, air conditioning supply, water supply, sewerage, waste management and remediation activities (d-e)","W_GE250","250 and over","2020","2020",16.96,,
"IT","Italy","E_CC_LO_PERC","only low","0049","transport and storage, except warehousing and support activities for transportation (h except 53)","W_GE10","10 and over","2020","2020",18.3,,
"IT","Italy","E_CC_ME_PERC","only medium","C","manufacturing","W10_49","10-49","2020","2020",28.31,,
"IT","Italy","E_CC_ME_PERC","only medium","C","manufacturing","W_GE10","10 and over","2020","2020",28.84,,
"IT","Italy","E_CC_ME_PERC","only medium","C","manufacturing","W50_99","50-99","2020","2020",30.75,,
"IT","Italy","E_CC_ME_PERC","only medium","C","manufacturing","W100_249","100-249","2020","2020",33.75,,
"IT","Italy","E_CC_ME_PERC","only medium","C","manufacturing","W_GE250","250 and over","2020","2020",32.85,,
"IT","Italy","E_CC_ME_PERC","only medium","F","construction","W10_49","10-49","2020","2020",25.44,,
"IT","Italy","E_CC_ME_PERC","only medium","F","construction","W_GE10","10 and over","2020","2020",25.63,,
"IT","Italy","E_CC_ME_PERC","only medium","F","construction","W50_99","50-99","2020","2020",30.77,,
"IT","Italy","E_CC_ME_PERC","only medium","F","construction","W100_249","100-249","2020","2020",19.28,,
"IT","Italy","E_CC_ME_PERC","only medium","F","construction","W_GE250","250 and over","2020","2020",38.51,,
"IT","Italy","E_CC_ME_PERC","only medium","G","wholesale and retail trade repair of motor vehicles and motorcycles","W_GE10","10 and over","2020","2020",24.97,,
"IT","Italy","E_CC_ME_PERC","only medium","CA","manufacture of food products, beverages and tobacco products","W_GE10","10 and over","2020","2020",35.96,,
"IT","Italy","E_CC_ME_PERC","only medium","CB","manufacture of textiles, apparel, leather and related products","W_GE10","10 and over","2020","2020",27.19,,
"IT","Italy","E_CC_ME_PERC","only medium","CC","manufacture of wood and paper products, and printing","W_GE10","10 and over","2020","2020",24.42,,
"IT","Italy","E_CC_ME_PERC","only medium","CH","manufacture of basic metals and fabricated metal products, except machinery and equipment","W_GE10","10 and over","2020","2020",27.53,,
"IT","Italy","E_CC_ME_PERC","only medium","CL","manufacture of transport equipment","W_GE10","10 and over","2020","2020",26.07,,
"IT","Italy","E_CC_ME_PERC","only medium","CM","other manufacturing, and repair and installation of machinery and equipment","W_GE10","10 and over","2020","2020",29.61,,
"IT","Italy","E_CC_ME_PERC","only medium","JC","it and other information services","W_GE10","10 and over","2020","2020",22.49,,
"IT","Italy","E_CC_ME_PERC","only medium","26","manufacture of computer, electronic and optical products","W_GE10","10 and over","2020","2020",33.47,,
"IT","Italy","E_CC_ME_PERC","only medium","53","postal and courier activities","W_GE10","10 and over","2020","2020",18.23,,
"IT","Italy","E_CC_ME_PERC","only medium","55","accommodation ","W_GE10","10 and over","2020","2020",23.3,,
"IT","Italy","E_CC_ME_PERC","only medium","56","food service activities","W_GE10","10 and over","2020","2020",,"c","unseen data because of the statistical confidenciality"
"IT","Italy","E_CC_ME_PERC","only medium","58","publishing activities","W_GE10","10 and over","2020","2020",33.56,,
"IT","Italy","E_CC_ME_PERC","only medium","61","telecommunications","W_GE10","10 and over","2020","2020",20.97,,
"IT","Italy","E_CC_ME_PERC","only medium","68","real estate activities","W_GE10","10 and over","2020","2020",23.84,,
"IT","Italy","E_CC_ME_PERC","only medium","79","travel agency, tour operator and other reservation service and related activities","W_GE10","10 and over","2020","2020",21.23,,
"IT","Italy","E_CC_ME_PERC","only medium","CD-CG","manufacture of coke and refined petroleum products, of chemicals and chemical products, of basic pharmaceutical products and preparations, of rubber, plastic and of other non-metallic mineral products","W_GE10","10 and over","2020","2020",26.94,,
"IT","Italy","E_CC_ME_PERC","only medium","CJ-CK","manufacture of electrical equipment and of machinery and equipment n.e.c. ","W_GE10","10 and over","2020","2020",29.75,,
"IT","Italy","E_CC_ME_PERC","only medium","JA_X_58","motion picture, video and television programme production, sound recording","W_GE10","10 and over","2020","2020",29.82,,
"IT","Italy","E_CC_ME_PERC","only medium","0031","professional, scientific and technical activities except veterinary activities","W_GE10","10 and over","2020","2020",27.84,,
"IT","Italy","E_CC_ME_PERC","only medium","0032","administrative and support service activities except travel agency, tour operator and other reservation service and related activities (N escluso 79)","W_GE10","10 and over","2020","2020",16.78,,
"IT","Italy","E_CC_ME_PERC","only medium","0033","ict sector","W_GE10","10 and over","2020","2020",24.51,,
"IT","Italy","E_CC_ME_PERC","only medium","0034","total non financial services (g-n, including 951 and excluding 75 and  k)","W10_49","10-49","2020","2020",25.91,,
"IT","Italy","E_CC_ME_PERC","only medium","0034","total non financial services (g-n, including 951 and excluding 75 and  k)","W_GE10","10 and over","2020","2020",25.49,,
"IT","Italy","E_CC_ME_PERC","only medium","0034","total non financial services (g-n, including 951 and excluding 75 and  k)","W50_99","50-99","2020","2020",19.42,,
"IT","Italy","E_CC_ME_PERC","only medium","0034","total non financial services (g-n, including 951 and excluding 75 and  k)","W100_249","100-249","2020","2020",24.66,,
"IT","Italy","E_CC_ME_PERC","only medium","0034","total non financial services (g-n, including 951 and excluding 75 and  k)","W_GE250","250 and over","2020","2020",26.15,,
"IT","Italy","E_CC_ME_PERC","only medium","0035","total economic activities  (c-n, including 951, excluding 75 and k)","W10_49","10-49","2020","2020",26.66,,
"IT","Italy","E_CC_ME_PERC","only medium","0035","total economic activities  (c-n, including 951, excluding 75 and k)","W_GE10","10 and over","2020","2020",26.68,,
"IT","Italy","E_CC_ME_PERC","only medium","0035","total economic activities  (c-n, including 951, excluding 75 and k)","W50_99","50-99","2020","2020",25.24,,
"IT","Italy","E_CC_ME_PERC","only medium","0035","total economic activities  (c-n, including 951, excluding 75 and k)","W100_249","100-249","2020","2020",28.67,,
"IT","Italy","E_CC_ME_PERC","only medium","0035","total economic activities  (c-n, including 951, excluding 75 and k)","W_GE250","250 and over","2020","2020",29.08,,
"IT","Italy","E_CC_ME_PERC","only medium","0036","electricity, gas steam, air conditioning supply, water supply, sewerage, waste management and remediation activities (d-e)","W10_49","10-49","2020","2020",26.2,,
"IT","Italy","E_CC_ME_PERC","only medium","0036","electricity, gas steam, air conditioning supply, water supply, sewerage, waste management and remediation activities (d-e)","W_GE10","10 and over","2020","2020",27.4,,
"IT","Italy","E_CC_ME_PERC","only medium","0036","electricity, gas steam, air conditioning supply, water supply, sewerage, waste management and remediation activities (d-e)","W50_99","50-99","2020","2020",30.42,,
"IT","Italy","E_CC_ME_PERC","only medium","0036","electricity, gas steam, air conditioning supply, water supply, sewerage, waste management and remediation activities (d-e)","W100_249","100-249","2020","2020",33.97,,
"IT","Italy","E_CC_ME_PERC","only medium","0036","electricity, gas steam, air conditioning supply, water supply, sewerage, waste management and remediation activities (d-e)","W_GE250","250 and over","2020","2020",27.66,,
"IT","Italy","E_CC_ME_PERC","only medium","0049","transport and storage, except warehousing and support activities for transportation (h except 53)","W_GE10","10 and over","2020","2020",23.18,,
"IT","Italy","E_CC_HI_PERC","high","C","manufacturing","W10_49","10-49","2020","2020",29.05,,
"IT","Italy","E_CC_HI_PERC","high","C","manufacturing","W_GE10","10 and over","2020","2020",29.99,,
"IT","Italy","E_CC_HI_PERC","high","C","manufacturing","W50_99","50-99","2020","2020",32.62,,
"IT","Italy","E_CC_HI_PERC","high","C","manufacturing","W100_249","100-249","2020","2020",33.67,,
"IT","Italy","E_CC_HI_PERC","high","C","manufacturing","W_GE250","250 and over","2020","2020",52.42,,
"IT","Italy","E_CC_HI_PERC","high","F","construction","W10_49","10-49","2020","2020",32.39,,
"IT","Italy","E_CC_HI_PERC","high","F","construction","W_GE10","10 and over","2020","2020",32.84,,
"IT","Italy","E_CC_HI_PERC","high","F","construction","W50_99","50-99","2020","2020",35.76,,
"IT","Italy","E_CC_HI_PERC","high","F","construction","W100_249","100-249","2020","2020",47.43,,
"IT","Italy","E_CC_HI_PERC","high","F","construction","W_GE250","250 and over","2020","2020",47.77,,
"IT","Italy","E_CC_HI_PERC","high","G","wholesale and retail trade repair of motor vehicles and motorcycles","W_GE10","10 and over","2020","2020",35.55,,
"IT","Italy","E_CC_HI_PERC","high","CA","manufacture of food products, beverages and tobacco products","W_GE10","10 and over","2020","2020",26.09,,
"IT","Italy","E_CC_HI_PERC","high","CB","manufacture of textiles, apparel, leather and related products","W_GE10","10 and over","2020","2020",24.55,,
"IT","Italy","E_CC_HI_PERC","high","CC","manufacture of wood and paper products, and printing","W_GE10","10 and over","2020","2020",36.15,,
"IT","Italy","E_CC_HI_PERC","high","CH","manufacture of basic metals and fabricated metal products, except machinery and equipment","W_GE10","10 and over","2020","2020",30.55,,
"IT","Italy","E_CC_HI_PERC","high","CL","manufacture of transport equipment","W_GE10","10 and over","2020","2020",,"c","unseen data because of the statistical confidenciality"
"IT","Italy","E_CC_HI_PERC","high","CM","other manufacturing, and repair and installation of machinery and equipment","W_GE10","10 and over","2020","2020",30.24,,
"IT","Italy","E_CC_HI_PERC","high","JC","it and other information services","W_GE10","10 and over","2020","2020",62.99,,
"IT","Italy","E_CC_HI_PERC","high","26","manufacture of computer, electronic and optical products","W_GE10","10 and over","2020","2020",34.75,,
"IT","Italy","E_CC_HI_PERC","high","53","postal and courier activities","W_GE10","10 and over","2020","2020",42.06,,
"IT","Italy","E_CC_HI_PERC","high","55","accommodation ","W_GE10","10 and over","2020","2020",38.77,,
"IT","Italy","E_CC_HI_PERC","high","56","food service activities","W_GE10","10 and over","2020","2020",19.71,,
"IT","Italy","E_CC_HI_PERC","high","58","publishing activities","W_GE10","10 and over","2020","2020",52.65,,
"IT","Italy","E_CC_HI_PERC","high","61","telecommunications","W_GE10","10 and over","2020","2020",52.12,,
"IT","Italy","E_CC_HI_PERC","high","68","real estate activities","W_GE10","10 and over","2020","2020",37.25,,
"IT","Italy","E_CC_HI_PERC","high","79","travel agency, tour operator and other reservation service and related activities","W_GE10","10 and over","2020","2020",44.43,,
"IT","Italy","E_CC_HI_PERC","high","CD-CG","manufacture of coke and refined petroleum products, of chemicals and chemical products, of basic pharmaceutical products and preparations, of rubber, plastic and of other non-metallic mineral products","W_GE10","10 and over","2020","2020",30.97,,
"IT","Italy","E_CC_HI_PERC","high","CJ-CK","manufacture of electrical equipment and of machinery and equipment n.e.c. ","W_GE10","10 and over","2020","2020",32.73,,
"IT","Italy","E_CC_HI_PERC","high","JA_X_58","motion picture, video and television programme production, sound recording","W_GE10","10 and over","2020","2020",46.7,,
"IT","Italy","E_CC_HI_PERC","high","0031","professional, scientific and technical activities except veterinary activities","W_GE10","10 and over","2020","2020",47.72,,
"IT","Italy","E_CC_HI_PERC","high","0032","administrative and support service activities except travel agency, tour operator and other reservation service and related activities (N escluso 79)","W_GE10","10 and over","2020","2020",,"c","unseen data because of the statistical confidenciality"
"IT","Italy","E_CC_HI_PERC","high","0033","ict sector","W_GE10","10 and over","2020","2020",57.65,,
"IT","Italy","E_CC_HI_PERC","high","0034","total non financial services (g-n, including 951 and excluding 75 and  k)","W10_49","10-49","2020","2020",32.09,,
"IT","Italy","E_CC_HI_PERC","high","0034","total non financial services (g-n, including 951 and excluding 75 and  k)","W_GE10","10 and over","2020","2020",33.52,,
"IT","Italy","E_CC_HI_PERC","high","0034","total non financial services (g-n, including 951 and excluding 75 and  k)","W50_99","50-99","2020","2020",44.56,,
"IT","Italy","E_CC_HI_PERC","high","0034","total non financial services (g-n, including 951 and excluding 75 and  k)","W100_249","100-249","2020","2020",46.3,,
"IT","Italy","E_CC_HI_PERC","high","0034","total non financial services (g-n, including 951 and excluding 75 and  k)","W_GE250","250 and over","2020","2020",46.67,,
"IT","Italy","E_CC_HI_PERC","high","0035","total economic activities  (c-n, including 951, excluding 75 and k)","W10_49","10-49","2020","2020",31.14,,
"IT","Italy","E_CC_HI_PERC","high","0035","total economic activities  (c-n, including 951, excluding 75 and k)","W_GE10","10 and over","2020","2020",32.31,,
"IT","Italy","E_CC_HI_PERC","high","0035","total economic activities  (c-n, including 951, excluding 75 and k)","W50_99","50-99","2020","2020",38.87,,
"IT","Italy","E_CC_HI_PERC","high","0035","total economic activities  (c-n, including 951, excluding 75 and k)","W100_249","100-249","2020","2020",41.05,,
"IT","Italy","E_CC_HI_PERC","high","0035","total economic activities  (c-n, including 951, excluding 75 and k)","W_GE250","250 and over","2020","2020",49.46,,
"IT","Italy","E_CC_HI_PERC","high","0036","electricity, gas steam, air conditioning supply, water supply, sewerage, waste management and remediation activities (d-e)","W10_49","10-49","2020","2020",34.29,,
"IT","Italy","E_CC_HI_PERC","high","0036","electricity, gas steam, air conditioning supply, water supply, sewerage, waste management and remediation activities (d-e)","W_GE10","10 and over","2020","2020",37.9,,
"IT","Italy","E_CC_HI_PERC","high","0036","electricity, gas steam, air conditioning supply, water supply, sewerage, waste management and remediation activities (d-e)","W50_99","50-99","2020","2020",43.06,,
"IT","Italy","E_CC_HI_PERC","high","0036","electricity, gas steam, air conditioning supply, water supply, sewerage, waste management and remediation activities (d-e)","W100_249","100-249","2020","2020",49.91,,
"IT","Italy","E_CC_HI_PERC","high","0036","electricity, gas steam, air conditioning supply, water supply, sewerage, waste management and remediation activities (d-e)","W_GE250","250 and over","2020","2020",58.37,,
"IT","Italy","E_CC_HI_PERC","high","0049","transport and storage, except warehousing and support activities for transportation (h except 53)","W_GE10","10 and over","2020","2020",19.45,,
"IT","Italy","E_CC_PEM_PERC","e-mail","47","retail trade, except of motor vehicles and motorcycles","W_GE10","10 and over","2020","2020",52.16,,
"IT","Italy","E_CC_PSOFT_PERC","office software (e.g. word processors, spreadsheets, etc.)","47","retail trade, except of motor vehicles and motorcycles","W_GE10","10 and over","2020","2020",32.51,,
"IT","Italy","E_CC_PFIL_PERC","storage of files","47","retail trade, except of motor vehicles and motorcycles","W_GE10","10 and over","2020","2020",27.2,,
"IT","Italy","E_CC_PDB_PERC","hosting for the enterprise's database","47","retail trade, except of motor vehicles and motorcycles","W_GE10","10 and over","2020","2020",19.78,,
"IT","Italy","E_CC_PFACC_PERC","finance or accounting software applications","47","retail trade, except of motor vehicles and motorcycles","W_GE10","10 and over","2020","2020",24.93,,
"IT","Italy","E_CC_PCRM_PERC","customer relationship management software","47","retail trade, except of motor vehicles and motorcycles","W_GE10","10 and over","2020","2020",12.09,,
"IT","Italy","E_CC_PCPU_PERC","computing power to run the enterprise's own software ","47","retail trade, except of motor vehicles and motorcycles","W_GE10","10 and over","2020","2020",7.79,,
"IT","Italy","E_CC_PANY_PERC","at least one of the mentioned services","47","retail trade, except of motor vehicles and motorcycles","W_GE10","10 and over","2020","2020",54.1,,
"IT","Italy","E_CC_LO_PERC","only low","47","retail trade, except of motor vehicles and motorcycles","W_GE10","10 and over","2020","2020",19.19,,
"IT","Italy","E_CC_ME_PERC","only medium","47","retail trade, except of motor vehicles and motorcycles","W_GE10","10 and over","2020","2020",24.68,,
"IT","Italy","E_CC_HI_PERC","high","47","retail trade, except of motor vehicles and motorcycles","W_GE10","10 and over","2020","2020",29.41,,
